Accuracy,F1-score,Precision,Recall,Error
84.50502911593436,84.4876215735375,84.48139005775181,84.50502911593436,15.494970884065642
