Accuracy,F1-score,Precision,Recall,Error
84.7952259492757,84.77657541965506,84.7707392195673,84.7952259492757,15.20477405072429
