Accuracy,F1-score,Precision,Recall,Error
92.90052456807354,92.90072197118835,92.900987730981,92.90052456807354,7.099475431926461
