Accuracy,F1-score,Precision,Recall,Error
84.78078829587565,84.78484409820533,84.7896131201438,84.78078829587565,15.219211704124355
