Accuracy,F1-score,Precision,Recall,Error
84.95067135088311,84.93323052900091,84.92737495851897,84.95067135088311,15.049328649116896
