Accuracy,F1-score,Precision,Recall,Error
84.72039077915203,84.72388832661967,84.72791733810361,84.72039077915203,15.279609220847973
