Accuracy,F1-score,Precision,Recall,Error
84.59454256701477,84.60812180228629,84.6299406892619,84.59454256701477,15.405457432985223
