K_neighbours,Accuracy,F1-score,Precision,Recall,Error
1,0.8473999573455995,0.8474403132568844,0.8475067302341428,0.8473999573455995,0.15260004265440058
3,0.8709529859202123,0.8707234162584081,0.8707696315567487,0.8709529859202123,0.12904701407978775
5,0.8789603600222463,0.8786082107096724,0.8789060404160068,0.8789603600222463,0.12103963997775372
7,0.8821147077424542,0.8816772886860212,0.8822419457502066,0.8821147077424542,0.11788529225754603
9,0.8832960884814665,0.8828067131231517,0.8835548265904544,0.8832960884814665,0.11670391151853357
11,0.883839858561655,0.8833006815925849,0.8842342990197801,0.883839858561655,0.11616014143834488
