K_neighbours,Accuracy,F1-score,Precision,Recall,Error
1,0.8508478381188063,0.8507882170036201,0.8507606112137941,0.8508478381188063,0.14915216188119368
3,0.87344083230358,0.8731056295223564,0.8733170794972274,0.87344083230358,0.12655916769641995
5,0.8791263893889398,0.8786559215937606,0.8792688155568971,0.8791263893889398,0.1208736106110601
7,0.8814217801011504,0.8808790440177587,0.8817667889821088,0.8814217801011504,0.11857821989884958
9,0.8819631512005868,0.8813663958022662,0.8824584209920072,0.8819631512005868,0.11803684879941323
11,0.8821195661467061,0.881485698587577,0.8827301345847337,0.8821195661467061,0.11788043385329391
