K_neighbours,Accuracy,F1-score,Precision,Recall,Error
1,84.72580191322429,84.72631918007335,84.73055109713434,84.72580191322429,15.274198086775723
3,87.10252070138772,87.08110003295148,87.0831106757926,87.10252070138772,12.897479298612286
5,87.87150030232229,87.84282603371189,87.8591756110668,87.87150030232229,12.128499697677706
7,88.13544411198843,88.09709795453116,88.13699417624792,88.13544411198843,11.864555888011571
9,88.27018275174436,88.22515860719872,88.28631387344895,88.27018275174436,11.729817248255634
11,88.28221496327082,88.23206279841057,88.31053097056282,88.28221496327082,11.717785036729172
