K_neighbours,Accuracy,F1-score,Precision,Recall,Error
1,0.8507901265845688,0.850741945462404,0.8507365211033935,0.8507901265845688,0.14920987341543132
3,0.8731448997487703,0.8727991731203067,0.8730483823093577,0.8731448997487703,0.12685510025122965
5,0.8796316744312778,0.8791622448585269,0.8797835816354379,0.8796316744312778,0.12036832556872232
7,0.8818957932006976,0.8813540996031317,0.8822508965796614,0.8818957932006976,0.11810420679930249
9,0.8819920278100323,0.8813939279845947,0.8824981464662528,0.8819920278100323,0.11800797218996768
11,0.8821123267382085,0.8814783551103013,0.8827260401652595,0.8821123267382085,0.11788767326179157
