K_neighbours,Accuracy,F1-score,Precision,Recall,Error
1,84.71280930175674,84.71403342774104,84.71693255277428,84.71280930175674,15.287190698243275
3,87.21054817128484,87.1867780880206,87.19283041864907,87.21054817128484,12.789451828715153
5,87.89459283610151,87.86161571489025,87.88706752076756,87.89459283610151,12.105407163898485
7,88.17297745156964,88.13139056779427,88.1806272984857,88.17297745156964,11.827022548430364
9,88.30098008291337,88.25606457292025,88.3171810251538,88.30098008291337,11.69901991708662
11,88.37508584107654,88.32352429718856,88.4073080489484,88.37508584107654,11.624914158923465
