Model,Accuracy,Train Score,Test Score
Logistic Regression,0.8588133391078389,0.8540957376418079,0.8588133391078389
