Model,Accuracy,Train Score,Test Score
Min-Max Scaler,0.8588133391078389,0.8540957376418079,0.8588133391078389
