Model,Accuracy,Train Score,Test Score
Standard Scaler,0.8592945479043357,0.854131828735729,0.8592945479043357
