Accuracy,F1-score,Precision,Recall,Error
89.05746186053227,89.02386621774096,89.06239286902039,89.05746186053227,10.942538139467729
