Accuracy,F1-score,Precision,Recall,Error
89.18978631911124,89.16223973706263,89.18912862640431,89.18978631911124,10.810213680888781
