Accuracy,F1-score,Precision,Recall,Error
89.22322242489615,89.19248909661142,89.23072696375229,89.22322242489615,10.776777575103843
