Accuracy,F1-score,Precision,Recall,Error
94.29351749362336,94.28890696208121,94.2908873524074,94.29351749362336,5.706482506376631
