Accuracy,F1-score,Precision,Recall,Error
89.31850369462808,89.29351751731937,89.31844164166736,89.31850369462808,10.68149630537193
