Accuracy,F1-score,Precision,Recall,Error
88.78916213484767,88.7096557409115,88.9291717473547,88.78916213484767,11.210837865152312
