Accuracy,F1-score,Precision,Recall,Error
87.89523076182684,87.86581141626003,87.88434902354764,87.89523076182684,12.104769238173152
